Source Plant ,Main Allelochemical,Target Plants,Temperature,Humidity,Min-pH,Max-pH,Density,N,P,K,Sensitivity,Effect
Ailanthus, Quassin,Foxtail,25-30°C ,Moderate to Low,5.5,7,High,Moderate,High,Moderate,Moderate,Strong Inhibition
Ailanthus, Quassin,Garden Cress,25-30°C ,Moderate to Low,5.5,7,High,Moderate,High,Moderate,Moderate,Strong Inhibition
Ailanthus,Ailanthone,Foxtail,25-30°C ,Moderate to Low,5.5,7,High,Moderate,High,Moderate,Moderate,Weakened Inhibition
Ailanthus,Ailanthone,Garden Cress,25-30°C ,Moderate to Low,5.5,7,High,Moderate,High,Moderate,Moderate,Weakened Inhibition
Ailanthus,Ailanthone,Common Amaranth,20-30°C,Moderate to Low,6.5,7.5,High,Moderate,Low,High,Moderate,Weakened Inhibition
Ailanthus,Ailanthone,Garden Cress,20-30°C,Moderate to Low,6.5,7.5,High,Moderate,Low,High,Moderate,Weakened Inhibition
Ailanthus,Ailanthone,Foxtail,20-30°C,Moderate to Low,6.5,7.5,High,Moderate,Low,High,Moderate,Weakened Inhibition
Ailanthus,Ailanthone,Barnyard Grass,20-30°C,Moderate to Low,6.5,7.5,High,Moderate,Low,High,Moderate,Weakened Inhibition
Ailanthus,Ailanthone,Maize,20-30°C,Moderate to Low,6.5,7.5,High,Moderate,Low,High,Resistant,No Effect
Ailanthus,Ailanthone ,Alfalfa,25-30°C ,Moderate to Low,5.5,7,High,Moderate,High,Moderate,High,Strong Inhibition
Ailanthus,Ailanthone ,Mustards,25-30°C ,Moderate to Low,5.5,7,High,Moderate,High,Moderate,High,Strong Inhibition
Ajowan , Carvacrol,Wheat,25-30°C ,Moderate to Low,5.5,7,High,Moderate,High,Moderate,Moderate,Weakened Inhibition
Ajowan , Carvacrol,Barley,25-30°C ,Moderate to Low,5.5,7,High,Moderate,High,Moderate,Moderate,Weakened Inhibition
Ajowan , Carvacrol,Maize,25-30°C ,Moderate to Low,5.5,7,High,Moderate,High,Moderate,Moderate,Weakened Exhibition
Ajowan , Carvacrol,Safflower,25-30°C ,Moderate to Low,5.5,7,High,Moderate,High,Moderate,Moderate,Weakened Exhibition
Ajowan , p-Cymene,Wheat,25-30°C ,Moderate to Low,5.5,7,High,Moderate,High,Moderate,Moderate,Weakened Exhibition
Ajowan , p-Cymene,Barley,25-30°C ,Moderate to Low,5.5,7,High,Moderate,High,Moderate,Moderate,Weakened Exhibition
Ajowan , p-Cymene,Maize,25-30°C ,Moderate to Low,5.5,7,High,Moderate,High,Moderate,Moderate,Weakened Exhibition
Ajowan , p-Cymene,Safflower,25-30°C ,Moderate to Low,5.5,7,High,Moderate,High,Moderate,Moderate,Weakened Exhibition
Ajowan ,Thymol,Wheat,25-30°C ,Moderate to Low,5.5,7,High,Moderate,High,Moderate,Moderate,Strong Inhibition
Ajowan ,Thymol,Barley,25-30°C ,Moderate to Low,5.5,7,High,Moderate,High,Moderate,Moderate,Strong Inhibition
Ajowan ,Thymol,Maize,25-30°C ,Moderate to Low,5.5,7,High,Moderate,High,Moderate,Moderate,Weakened Inhibition
Ajowan ,Thymol,Safflower,25-30°C ,Moderate to Low,5.5,7,High,Moderate,High,Moderate,Moderate,Weakened Inhibition
Alfalfa, Coumarins,Lamb'S Quarters,25-30°C ,Moderate to Low,5.5,7,High,Moderate,High,Moderate,Moderate,Weakened Exhibition
Alfalfa, Coumarins,Prostrate Knotweed,25-30°C ,Moderate to Low,5.5,7,High,Moderate,High,Moderate,Moderate,Weakened Exhibition
Alfalfa,Saponins,Lamb'S Quarters,25-30°C ,Moderate to Low,5.5,7,High,Moderate,High,Moderate,Moderate,Weakened Exhibition
Alfalfa,Saponins,Prostrate Knotweed,25-30°C ,Moderate to Low,5.5,7,High,Moderate,High,Moderate,Moderate,Weakened Exhibition
Alfalfa, Coumarin,Broad Bean,25-30°C ,Moderate to Low,5.5,7,High,Moderate,High,Moderate,Resistant,No Effect
Alfalfa, Coumarin,White Clover ,25-30°C ,Moderate to Low,5.5,7,High,Moderate,High,Moderate,Moderate,Weakened Exhibition
Alfalfa, Saponins,Broad Bean,25-30°C ,Moderate to Low,5.5,7,High,Moderate,High,Moderate,Moderate,Weakened Exhibition
Alfalfa, Saponins,White Clover ,25-30°C ,Moderate to Low,5.5,7,High,Moderate,High,Moderate,Moderate,Weakened Exhibition
Alfalfa,Medicarpone,Broad Bean,25-30°C ,Moderate to Low,5.5,7,High,Moderate,High,Moderate,Moderate,Weakened Inhibition
Alfalfa,Medicarpone,White Clover ,25-30°C ,Moderate to Low,5.5,7,High,Moderate,High,Moderate,Moderate,Weakened Inhibition
Aloe vera , Emodin (Anthraquinones),Spiny Pigweed,25-30°C ,Moderate to Low,5.5,7,High,Moderate,High,Moderate,High,Strong Inhibition
Aloe vera , Emodin (Anthraquinones),Common Purslane,25-30°C ,Moderate to Low,5.5,7,High,Moderate,High,Moderate,High,Strong Inhibition
Aloe vera ,Aloin,Spiny Pigweed,25-30°C ,Moderate to Low,5.5,7,High,Moderate,High,Moderate,Moderate,Weakened Inhibition
Aloe vera ,Aloin,Common Purslane,25-30°C ,Moderate to Low,5.5,7,High,Moderate,High,Moderate,Moderate,Weakened Inhibition
Annual wormwood , Artemisinin,Lettuce,25-30°C ,Moderate to Low,5.5,7,High,Moderate,High,Moderate,High,Strong Inhibition
Annual wormwood , Artemisinin,Common Amaranth,25-30°C ,Moderate to Low,5.5,7,High,Moderate,High,Moderate,Moderate,Weakened Inhibition
Annual wormwood , Artemisinin,Pitted Morning-Glory,25-30°C ,Moderate to Low,5.5,7,High,Moderate,High,Moderate,Resistant,No Effect
Annual wormwood , Artemisinin,Purslane,25-30°C ,Moderate to Low,5.5,7,High,Moderate,High,Moderate,Moderate,Weakened Inhibition
Annual wormwood ,Arteether ,Lettuce,25-30°C ,Moderate to Low,5.5,7,High,Moderate,High,Moderate,High,Strong Inhibition
Annual wormwood ,Arteether ,Common Amaranth,25-30°C ,Moderate to Low,5.5,7,High,Moderate,High,Moderate,Moderate,Weakened Inhibition
Annual wormwood ,Arteether ,Pitted Morning-Glory,25-30°C ,Moderate to Low,5.5,7,High,Moderate,High,Moderate,Resistant,No Effect
Annual wormwood ,Arteether ,Purslane,25-30°C ,Moderate to Low,5.5,7,High,Moderate,High,Moderate,Moderate,Weakened Inhibition
Barley,Hordenine,Wild Oat,25-30°C ,Moderate to Low,5.5,7,High,Moderate,High,Moderate,High,Strong Inhibition
Barley,Phenolic acids,Cheatgrass,25-30°C ,Moderate to Low,5.5,7,High,Moderate,High,Moderate,Resistant,No Effect
Barley,Phenolic acids,Wild Oat,25-30°C ,Moderate to Low,5.5,7,High,Moderate,High,Moderate,Resistant,No Effect
Barley, DIMBOA,Wheat,25-30°C ,Moderate to Low,5.5,7,High,Moderate,High,Moderate,Moderate,Weakened Exhibition
Barley, DIMBOA,Barley,25-30°C ,Moderate to Low,5.5,7,High,Moderate,High,Moderate,Resistant,No Effect
Barley, DIMBOA,Other Cereals,25-30°C ,Moderate to Low,5.5,7,High,Moderate,High,Moderate,Moderate,Weakened Exhibition
Barley, Ferulic acid,Wheat,25-30°C ,Moderate to Low,5.5,7,High,Moderate,High,Moderate,Moderate,Weakened Exhibition
Barley, Ferulic acid,Barley,25-30°C ,Moderate to Low,5.5,7,High,Moderate,High,Moderate,Resistant,No Effect
Barley, Ferulic acid,Maize,25-30°C ,Moderate to Low,5.5,7,High,Moderate,High,Moderate,Moderate,Weakened Exhibition
Barley, p-Hydroxybenzoic acid,Wheat,25-30°C ,Moderate to Low,5.5,7,High,Moderate,High,Moderate,Moderate,Weakened Exhibition
Barley, p-Hydroxybenzoic acid,Barley,25-30°C ,Moderate to Low,5.5,7,High,Moderate,High,Moderate,Resistant,No Effect
Barley, p-Hydroxybenzoic acid,Maize,25-30°C ,Moderate to Low,5.5,7,High,Moderate,High,Moderate,Moderate,Weakened Exhibition
Barley,m-Coumaric acid,Wheat,25-30°C ,Moderate to Low,5.5,7,High,Moderate,High,Moderate,Moderate,Weakened Exhibition
Barley,m-Coumaric acid,Barley,25-30°C ,Moderate to Low,5.5,7,High,Moderate,High,Moderate,Resistant,No Effect
Barley,m-Coumaric acid,Maize,25-30°C ,Moderate to Low,5.5,7,High,Moderate,High,Moderate,Moderate,Weakened Exhibition
Basil, Eugenol (Phenylpropanoids),Crabgrass,25-30°C ,Moderate to Low,5.5,7,High,Moderate,High,Moderate,Moderate,Weakened Exhibition
Basil, Eugenol (Phenylpropanoids),Redroot Pigweed,25-30°C ,Moderate to Low,5.5,7,High,Moderate,High,Moderate,Moderate,Weakened Exhibition
Basil,Linalool,Crabgrass,25-30°C ,Moderate to Low,5.5,7,High,Moderate,High,Moderate,Moderate,Weakened Inhibition
Basil,Linalool,Redroot Pigweed,25-30°C ,Moderate to Low,5.5,7,High,Moderate,High,Moderate,Moderate,Weakened Inhibition
Billy Goat Weed," precocene I,II",Slender Amaranth,25-30°C ,Moderate to Low,5.5,7,High,Moderate,High,Moderate,Moderate,Weakened Inhibition
Billy Goat Weed," precocene I,II",Lettuce,25-30°C ,Moderate to Low,5.5,7,High,Moderate,High,Moderate,High,Strong Inhibition
Billy Goat Weed,Conyzalactone,Slender Amaranth,25-30°C ,Moderate to Low,5.5,7,High,Moderate,High,Moderate,Moderate,Weakened Inhibition
Billy Goat Weed,Conyzalactone,Lettuce,25-30°C ,Moderate to Low,5.5,7,High,Moderate,High,Moderate,High,Strong Inhibition
Billy Goat Weed,Precocene II (Sesquiterpenes),Beggarweed,25-30°C ,Moderate to Low,5.5,7,High,Moderate,High,Moderate,Resistant,No Effect
Billy Goat Weed,Precocene II (Sesquiterpenes),Crabgrass,25-30°C ,Moderate to Low,5.5,7,High,Moderate,High,Moderate,Resistant,No Effect
Black Mustard ,Glucosinolates,Wild Oat,25-30°C ,Moderate to Low,5.5,7,High,Moderate,High,Moderate,Moderate,Weakened Inhibition
Black Mustard ,Glucosinolates,Lamb'S Quarters,25-30°C ,Moderate to Low,5.5,7,High,Moderate,High,Moderate,Moderate,Weakened Inhibition
Black Mustard ,Glucosinolates,Curly Dock,25-30°C ,Moderate to Low,5.5,7,High,Moderate,High,Moderate,Moderate,Weakened Inhibition
Black Pepper,Piperine (Alkaloids),Common Purslane,25-30°C ,Moderate to Low,5.5,7,High,Moderate,High,Moderate,Moderate,Weakened Exhibition
Black Pepper,Piperine (Alkaloids),Redroot Pigweed,25-30°C ,Moderate to Low,5.5,7,High,Moderate,High,Moderate,Moderate,Weakened Inhibition
Black Walnut,Juglone,Tomato,25-30°C ,Moderate to Low,5.5,7,High,Moderate,High,Moderate,High,Strong Inhibition
Black Walnut,Juglone,Alfafa,25-30°C ,Moderate to Low,5.5,7,High,Moderate,High,Moderate,Moderate   ,Weakened Inhibition
Black Walnut,Juglone,Lettuce,25-30°C ,Moderate to Low,5.5,7,High,Moderate,High,Moderate,High,Strong Inhibition
Black Walnut,Juglone,Kentucky Bluegrass,25-30°C ,Moderate to Low,5.5,7,High,Moderate,High,Moderate,Moderate,Weakened Inhibition
Black Walnut,Juglone,Corn,25-30°C ,Moderate to Low,5.5,7,High,Moderate,High,Moderate,High,Strong Inhibition
Black Walnut,Juglone,Soybean,25-30°C ,Moderate to Low,5.5,7,High,Moderate,High,Moderate,Moderate,Weakened Inhibition
Black Walnut,Juglone,Maize,25-30°C ,Moderate to Low,5.5,7,High,Moderate,High,Moderate,High,Strong Inhibition
Black Walnut,Juglone,Mustard,25-30°C ,Moderate to Low,5.5,7,High,Moderate,High,Moderate,Moderate,Weakened Inhibition
Black Walnut,Juglone,Horseweed,15-25°C,Moderate,6,7,High,Low,Moderate,Moderate,High,Strong Inhibition
Black Walnut,Juglone,Hairy Fleabane,15-25°C,Moderate,6,7,High,Low,Moderate,Moderate,High,Strong Inhibition
Black Walnut,Juglone,Purslane,15-25°C,Moderate,6,7,High,Low,Moderate,Moderate,High,Strong Inhibition
Black Walnut,Juglone,Tall Annual Morning Glory,15-25°C,Moderate,6,7,High,Low,Moderate,Moderate,High,Strong Inhibition
Bottlebrush ,Leptospermone,Hairy Crabgrass,25-30°C ,Moderate to Low,5.5,7,High,Moderate,High,Moderate,Resistant,No Effect
Bottlebrush ,Leptospermone,Yellow Foxtail ,25-30°C ,Moderate to Low,5.5,7,High,Moderate,High,Moderate,Moderate,Weakened Inhibition
Bottlebrush ,Leptospermone,Common Amaranth,25-30°C ,Moderate to Low,5.5,7,High,Moderate,High,Moderate,Moderate,Strong Inhibition
Bottlebrush ,Leptospermone,California Red Oat,25-30°C ,Moderate to Low,5.5,7,High,Moderate,High,Moderate,High,Strong Inhibition
Bottlebrush ,Leptospermone,Indian Mustard,25-30°C ,Moderate to Low,5.5,7,High,Moderate,High,Moderate,Resistant,Weakened Inhibition
Bottlebrush ,Leptospermone,Curly Dock,25-30°C ,Moderate to Low,5.5,7,High,Moderate,High,Moderate,Moderate,Strong Inhibition
BuckWheat,Flavonoids,Quackgrass,25-30°C ,Moderate to Low,5.5,7,High,Moderate,High,Moderate,Moderate,Weakened Exhibition
BuckWheat,Flavonoids,Shepherd'S Purse,25-30°C ,Moderate to Low,5.5,7,High,Moderate,High,Moderate,Moderate,Weakened Exhibition
Castor Bean, Alkaloids,Purple Nutsedge,25-30°C ,Moderate to Low,5.5,7,High,Moderate,High,Moderate,Moderate,Weakened Inhibition
Castor Bean, Alkaloids,Spiny Pigweed,25-30°C ,Moderate to Low,5.5,7,High,Moderate,High,Moderate,Moderate,Weakened Inhibition
Castor Bean,Ricin,Purple Nutsedge,25-30°C ,Moderate to Low,5.5,7,High,Moderate,High,Moderate,Moderate,Weakened Inhibition
Castor Bean,Ricin,Spiny Pigweed,25-30°C ,Moderate to Low,5.5,7,High,Moderate,High,Moderate,Moderate,Weakened Inhibition
Catmint , Menthone,Common Amaranth,25-30°C ,Moderate to Low,5.5,7,High,Moderate,High,Moderate,Moderate,Weakened Inhibition
Catmint , Menthone,Pigweed,25-30°C ,Moderate to Low,5.5,7,High,Moderate,High,Moderate,Moderate,Weakened Inhibition
Catmint ,Nepetalactone,Common Amaranth,25-30°C ,Moderate to Low,5.5,7,High,Moderate,High,Moderate,Moderate,Weakened Inhibition
Catmint ,Nepetalactone,Pigweed,25-30°C ,Moderate to Low,5.5,7,High,Moderate,High,Moderate,Moderate,Weakened Inhibition
Ceylon Cinnamon,Cinnamaldehyde (Phenylpropanoids),Barnyardgrass,25-30°C ,Moderate to Low,5.5,7,High,Moderate,High,Moderate,High,Strong Inhibition
Ceylon Cinnamon,Cinnamaldehyde (Phenylpropanoids),Redroot Pigweed,25-30°C ,Moderate to Low,5.5,7,High,Moderate,High,Moderate,High,Strong Inhibition
Chicory,Sesquiterpene lactones,Curly Dock,25-30°C ,Moderate to Low,5.5,7,High,Moderate,High,Moderate,Moderate,Weakened Inhibition
Chicory,Sesquiterpene lactones,Chickweed,25-30°C ,Moderate to Low,5.5,7,High,Moderate,High,Moderate,Moderate,Weakened Inhibition
Chilli Pepper,Capsaicinoids,Crabgrass,25-30°C ,Moderate to Low,5.5,7,High,Moderate,High,Moderate,Resistant,No Effect
Chilli Pepper,Capsaicinoids,Common Purslane,25-30°C ,Moderate to Low,5.5,7,High,Moderate,High,Moderate,Resistant,No Effect
Chilli Pepper,Capsaicinoids,Bacteria,25-30°C ,Moderate to Low,5.5,7,High,Moderate,High,Moderate,Moderate,Strong Inhibition
Chilli Pepper,Capsaicinoids,Fungi,25-30°C ,Moderate to Low,5.5,7,High,Moderate,High,Moderate,Moderate,Weakened Inhibition
Chinaberry, Meliatoxins,Green Foxtail,25-30°C ,Moderate to Low,5.5,7,High,Moderate,High,Moderate,Moderate,Weakened Inhibition
Chinaberry, Meliatoxins,Barnyardgrass,25-30°C ,Moderate to Low,5.5,7,High,Moderate,High,Moderate,Moderate,Weakened Inhibition
Chinaberry,Azadirachtin,Green Foxtail,25-30°C ,Moderate to Low,5.5,7,High,Moderate,High,Moderate,Moderate,Weakened Inhibition
Chinaberry,Azadirachtin,Barnyardgrass,25-30°C ,Moderate to Low,5.5,7,High,Moderate,High,Moderate,Moderate,Weakened Inhibition
Chinese Fir,(-)-Caryophyllene,Cunninghamia Lanceolata,25-30°C ,Moderate to Low,5.5,7,High,Moderate,High,Moderate,Resistant,No Effect
Chrysanthemum,Pyrethrins,Green Foxtail,25-30°C ,Moderate to Low,5.5,7,High,Moderate,High,Moderate,High,Strong Inhibition
Chrysanthemum,Pyrethrins,Crabgrass,25-30°C ,Moderate to Low,5.5,7,High,Moderate,High,Moderate,High,Strong Inhibition
Common lantana , lantadene B,Water Hyacinths,25-30°C ,Moderate to Low,5.5,7,High,Moderate,High,Moderate,High,Strong Inhibition
Common lantana , lantadene B, Microcystis Aeruginosa,25-30°C ,Moderate to Low,5.5,7,High,Moderate,High,Moderate,High,Strong Inhibition
Common lantana , lantadene B,Small-Seeded Canary Grass,25-30°C ,Moderate to Low,5.5,7,High,Moderate,High,Moderate,Moderate,Strong Inhibition
Common lantana , lantadene B,Common Wild Oat,25-30°C ,Moderate to Low,5.5,7,High,Moderate,High,Moderate,High,Strong Inhibition
Common lantana , lantadene B,LambS Quarters,25-30°C ,Moderate to Low,5.5,7,High,Moderate,High,Moderate,Moderate,Weakened Inhibition
Common lantana ,Lantadene A ,Water Hyacinths,25-30°C ,Moderate to Low,5.5,7,High,Moderate,High,Moderate,High,Strong Inhibition
Common lantana ,Lantadene A , Microcystis Aeruginosa,25-30°C ,Moderate to Low,5.5,7,High,Moderate,High,Moderate,High,Strong Inhibition
Common lantana ,Lantadene A ,Small-Seeded Canary Grass,25-30°C ,Moderate to Low,5.5,7,High,Moderate,High,Moderate,Moderate,Weakened Inhibition
Common lantana ,Lantadene A ,Common Wild Oat,25-30°C ,Moderate to Low,5.5,7,High,Moderate,High,Moderate,Moderate,Weakened Inhibition
Common lantana ,Lantadene A ,LambS Quarters,25-30°C ,Moderate to Low,5.5,7,High,Moderate,High,Moderate,Moderate,Weakened Inhibition
Coral Tree,Alkaloids,Purple Nutsedge,25-30°C ,Moderate to Low,5.5,7,High,Moderate,High,Moderate,Moderate,Weakened Inhibition
Coral Tree,Alkaloids,Goosegrass,25-30°C ,Moderate to Low,5.5,7,High,Moderate,High,Moderate,Moderate,Weakened Inhibition
Crabgrass , Maltol,Wheat,25-30°C ,Moderate to Low,5.5,7,High,Moderate,High,Moderate,Moderate,Weakened Inhibition
Crabgrass , Maltol,Maize,25-30°C ,Moderate to Low,5.5,7,High,Moderate,High,Moderate,High,Strong Inhibition
Crabgrass , Maltol,Soybean,25-30°C ,Moderate to Low,5.5,7,High,Moderate,High,Moderate,Resistant,No Effect
Crabgrass ,loliolide,Wheat,25-30°C ,Moderate to Low,5.5,7,High,Moderate,High,Moderate,Moderate,Weakened Inhibition
Crabgrass ,loliolide,Maize,25-30°C ,Moderate to Low,5.5,7,High,Moderate,High,Moderate,High,Strong Inhibition
Crabgrass ,loliolide,Soybean,25-30°C ,Moderate to Low,5.5,7,High,Moderate,High,Moderate,Resistant,No Effect
Crabgrass ,Veratric acid,Wheat,25-30°C ,Moderate to Low,5.5,7,High,Moderate,High,Moderate,Moderate,Weakened Inhibition
Crabgrass ,Veratric acid,Maize,25-30°C ,Moderate to Low,5.5,7,High,Moderate,High,Moderate,High,Strong Inhibition
Crabgrass ,Veratric acid,Soybean,25-30°C ,Moderate to Low,5.5,7,High,Moderate,High,Moderate,Resistant,No Effect
Cucumber,Cucurbitacin (Triterpenoids),Redroot Pigweed,25-30°C ,Moderate to Low,5.5,7,High,Moderate,High,Moderate,Resistant,No Effect
Cucumber,Cucurbitacin (Triterpenoids),Barnyardgrass,25-30°C ,Moderate to Low,5.5,7,High,Moderate,High,Moderate,Resistant,No Effect
Eucalyptus, Monoterpenes ,Perennial Ryegrass,25-30°C ,Moderate to Low,5.5,7,High,Moderate,High,Moderate,Moderate,Weakened Exhibition
Eucalyptus, Monoterpenes ,Crabgrass,25-30°C ,Moderate to Low,5.5,7,High,Moderate,High,Moderate,Moderate,Weakened Exhibition
Eucalyptus,Cineole,Perennial Ryegrass,25-30°C ,Moderate to Low,5.5,7,High,Moderate,High,Moderate,Moderate,Weakened Exhibition
Eucalyptus,Cineole,Crabgrass,25-30°C ,Moderate to Low,5.5,7,High,Moderate,High,Moderate,Moderate,Weakened Exhibition
Eucalyptus, Alpha-pinene,Annual Grasses,25-30°C ,Moderate to Low,5.5,7,High,Moderate,High,Moderate,Moderate,Weakened Inhibition
Eucalyptus, Alpha-pinene,Weeds,25-30°C ,Moderate to Low,5.5,7,High,Moderate,High,Moderate,Moderate,Weakened Inhibition
Eucalyptus,"1,8-cineol",Common Amaranth,25-35°C,Low,4.5,5.5,Low,Moderate,Moderate,High,High,Strong Inhibition
Eucalyptus,"1,8-cineol",Common Purslane,25-35°C,Low,4.5,5.5,Low,Moderate,Moderate,High,High,Strong Inhibition
Eucalyptus,"1,8-cineol",Common Amaranth,25-35°C,Low,5.5,6.5,Low,Moderate,Moderate,High,High,Strong Inhibition
Eucalyptus,"1,8-cineol",Common Purslane,25-35°C,Low,5.5,6.5,Low,Moderate,Moderate,High,High,Strong Inhibition
Eucalyptus,"1,8-cineol",Common Amaranth,25-35°C,Low,6.5,7.5,Low,Moderate,Moderate,High,High,Weakened Inhibition
Eucalyptus,"1,8-cineol",Common Purslane,25-35°C,Low,6.5,7.5,Low,Moderate,Moderate,High,High,Weakened Inhibition
Eucalyptus,"1,8-cineol",Common Amaranth,25-35°C,Low,4.5,5.5,High,Moderate,Moderate,High,High,Strong Inhibition
Eucalyptus,"1,8-cineol",Common Purslane,25-35°C,Low,4.5,5.5,High,Moderate,Moderate,High,High,Strong Inhibition
Eucalyptus,"1,8-cineol",Common Amaranth,25-35°C,Low,5.5,6.5,High,Moderate,Moderate,High,High,Strong Inhibition
Eucalyptus,"1,8-cineol",Common Purslane,25-35°C,Low,5.5,6.5,High,Moderate,Moderate,High,High,Strong Inhibition
Eucalyptus,"1,8-cineol",Common Amaranth,25-35°C,Low,6.5,7.5,High,Moderate,Moderate,High,High,Weakened Inhibition
Eucalyptus,"1,8-cineol",Common Purslane,25-35°C,Low,6.5,7.5,High,Moderate,Moderate,High,High,Weakened Inhibition
Eucalyptus,"1,8-Cineole",Annual Grasses,25-30°C ,Moderate to Low,5.5,7,High,Moderate,High,Moderate,Moderate,Weakened Inhibition
Eucalyptus,"1,8-Cineole",Weeds,25-30°C ,Moderate to Low,5.5,7,High,Moderate,High,Moderate,Moderate,Weakened Inhibition
Fennel,Anethole ,Lamb'S Quarters,25-30°C ,Moderate to Low,5.5,7,High,Moderate,High,Moderate,Moderate,Weakened Exhibition
Fennel,Anethole ,Crabgrass,25-30°C ,Moderate to Low,5.5,7,High,Moderate,High,Moderate,Moderate,Weakened Exhibition
Fennel, Fenchone,Small-Seeded Weeds,25-30°C ,Moderate to Low,5.5,7,High,Moderate,High,Moderate,Moderate,Weakened Inhibition
Fennel,Anethole,Small-Seeded Weeds,25-30°C ,Moderate to Low,5.5,7,High,Moderate,High,Moderate,Moderate,Weakened Inhibition
Fine fescue grasses ,M-tyrosine,Birdsfoot Trefoil,10-20°C,High,5,6.5,Moderate,Low,Low,Moderate,Moderate,Weakened Inhibition
Fine fescue grasses ,M-tyrosine,Large Crabgrass,10-20°C,High,5,6.5,Moderate,Low,Low,Moderate,Moderate,Weakened Inhibition
Fine fescue grasses ,M-tyrosine,White Clover ,10-20°C,High,5,6.5,Moderate,Low,Low,Moderate,Moderate,Weakened Inhibition
Fine fescue grasses ,M-tyrosine,Common Dandelion,10-20°C,High,5,6.5,Moderate,Low,Low,Moderate,Moderate,Weakened Inhibition
Fir-moss ,p-Coumaric acid,Lettuce,25-30°C ,Moderate to Low,5.5,7,High,Moderate,High,Moderate,Moderate,Weakened Inhibition
Fir-moss ,p-Coumaric acid,Radish,25-30°C ,Moderate to Low,5.5,7,High,Moderate,High,Moderate,Moderate,Weakened Inhibition
Fork moss ,Caffeic acid,Lettuce,25-30°C ,Moderate to Low,5.5,7,High,Moderate,High,Moderate,Moderate,Weakened Exhibition
Fox-tail moss , Phenolic acids,Radish,25-30°C ,Moderate to Low,5.5,7,High,Moderate,High,Moderate,Moderate,Weakened Exhibition
Fox-tail moss , Phenolic acids,Lettuce,25-30°C ,Moderate to Low,5.5,7,High,Moderate,High,Moderate,Resistant,No Effect
Fox-tail moss ,Pinene,Radish,25-30°C ,Moderate to Low,5.5,7,High,Moderate,High,Moderate,Moderate,Weakened Exhibition
Fox-tail moss ,Pinene,Lettuce,25-30°C ,Moderate to Low,5.5,7,High,Moderate,High,Moderate,Moderate,Weakened Exhibition
Garlic , Diallyl disulfide,Lettuce,25-30°C ,Moderate to Low,5.5,7,High,Moderate,High,Moderate,Moderate,Weakened Inhibition
Garlic ,Allicin,Lettuce,25-30°C ,Moderate to Low,5.5,7,High,Moderate,High,Moderate,High,Strong Inhibition
Geranium , Citronellol,Lettuce,25-30°C ,Moderate to Low,5.5,7,High,Moderate,High,Moderate,Moderate,Weakened Exhibition
Geranium , Citronellol,Crabgrass,25-30°C ,Moderate to Low,5.5,7,High,Moderate,High,Moderate,Moderate,Weakened Inhibition
Geranium ,Geraniol,Lettuce,25-30°C ,Moderate to Low,5.5,7,High,Moderate,High,Moderate,Moderate,Weakened Exhibition
Geranium ,Geraniol,Crabgrass,25-30°C ,Moderate to Low,5.5,7,High,Moderate,High,Moderate,Moderate,Weakened Inhibition
Giant ragweed ,1-Angeloyloxycarotol,Wheat,25-30°C ,Moderate to Low,5.5,7,High,Moderate,High,Moderate,High,Strong Inhibition
Giant ragweed ,1-Angeloyloxycarotol,Wheat,25-30°C ,Moderate to Low,5.5,7,High,Moderate,High,Moderate,High,Strong Inhibition
Giant ragweed ,1-Angeloyloxycarotol,Sunflower,25-30°C ,Moderate to Low,5.5,7,High,Moderate,High,Moderate,Moderate,Weakened Inhibition
Giant Reed , Farnesene,Microcystis Aeruginosa,25-30°C ,Moderate to Low,5.5,7,High,Moderate,High,Moderate,Moderate,Weakened Exhibition
Giant Reed , Geraniol,Microcystis Aeruginosa,25-30°C ,Moderate to Low,5.5,7,High,Moderate,High,Moderate,Moderate,Weakened Inhibition
Giant Reed ,Caryophyllene,Microcystis Aeruginosa,25-30°C ,Moderate to Low,5.5,7,High,Moderate,High,Moderate,Moderate,Weakened Exhibition
Ginger, Gingerol (Sesquiterpenes),Spiny Pigweed,25-30°C ,Moderate to Low,5.5,7,High,Moderate,High,Moderate,Resistant,No Effect
Ginger, Gingerol (Sesquiterpenes),Common Purslane,25-30°C ,Moderate to Low,5.5,7,High,Moderate,High,Moderate,Moderate,Weakened Exhibition
Ginger,Zingiberene,Spiny Pigweed,25-30°C ,Moderate to Low,5.5,7,High,Moderate,High,Moderate,Moderate,Weakened Exhibition
Ginger,Zingiberene,Common Purslane,25-30°C ,Moderate to Low,5.5,7,High,Moderate,High,Moderate,Moderate,Weakened Exhibition
Guava, Quercetin ,Perennial Ryegrass,25-30°C ,Moderate to Low,5.5,7,High,Moderate,High,Moderate,Moderate,Weakened Exhibition
Guava, Quercetin,Lamb'S Quarters,25-30°C ,Moderate to Low,5.5,7,High,Moderate,High,Moderate,Moderate,Weakened Exhibition
Guava,Guajavarin,Perennial Ryegrass,25-30°C ,Moderate to Low,5.5,7,High,Moderate,High,Moderate,Moderate,Weakened Exhibition
Guava,Guajavarin,Lamb'S Quarters,25-30°C ,Moderate to Low,5.5,7,High,Moderate,High,Moderate,Moderate,Weakened Exhibition
Hairy Vetch,Cyanamide,Wild Oat,25-30°C ,Moderate to Low,5.5,7,High,Moderate,High,Moderate,High,Strong Inhibition
Hairy Vetch,Cyanamide,Blackgrass,25-30°C ,Moderate to Low,5.5,7,High,Moderate,High,Moderate,Moderate,Weakened Inhibition
Indian Mustard, Isothiocyanates,Canary Grass,25-30°C ,Moderate to Low,5.5,7,High,Moderate,High,Moderate,Moderate,Weakened Inhibition
Indian Mustard, Isothiocyanates,Lamb'S Quarters,25-30°C ,Moderate to Low,5.5,7,High,Moderate,High,Moderate,Moderate,Weakened Exhibition
Indian Mustard, Isothiocyanates,Curly Dock,25-30°C ,Moderate to Low,5.5,7,High,Moderate,High,Moderate,Moderate,Weakened Exhibition
Indian Mustard,Glucosinolates,Canary Grass,25-30°C ,Moderate to Low,5.5,7,High,Moderate,High,Moderate,Moderate,Weakened Inhibition
Indian Mustard,Glucosinolates,Lamb'S Quarters,25-30°C ,Moderate to Low,5.5,7,High,Moderate,High,Moderate,Moderate,Weakened Exhibition
Indian Mustard,Glucosinolates,Curly Dock,25-30°C ,Moderate to Low,5.5,7,High,Moderate,High,Moderate,Moderate,Weakened Exhibition
Lantana,"Lantadene A,B",Common Purslane,25-30°C ,Moderate to Low,5.5,7,High,Moderate,High,Moderate,Moderate,Weakened Inhibition
Lantana,"Lantadene A,B",Barnyardgrass,25-30°C ,Moderate to Low,5.5,7,High,Moderate,High,Moderate,Moderate,Weakened Inhibition
Lavender, Linalyl acetate,Perennial Ryegrass,25-30°C ,Moderate to Low,5.5,7,High,Moderate,High,Moderate,Moderate,Weakened Exhibition
Lavender, Linalyl acetate,Crabgrass,25-30°C ,Moderate to Low,5.5,7,High,Moderate,High,Moderate,Moderate,Weakened Exhibition
Lavender,Linalool,Perennial Ryegrass,25-30°C ,Moderate to Low,5.5,7,High,Moderate,High,Moderate,Moderate,Weakened Exhibition
Lavender,Linalool,Crabgrass,25-30°C ,Moderate to Low,5.5,7,High,Moderate,High,Moderate,Moderate,Weakened Exhibition
Lavender, Camphor,Weeds,25-30°C ,Moderate to Low,5.5,7,High,Moderate,High,Moderate,Moderate,Weakened Inhibition
Lavender, Camphor,Maize,25-30°C ,Moderate to Low,5.5,7,High,Moderate,High,Moderate,Moderate,Weakened Exhibition
Lavender,Linalool,Weeds,25-30°C ,Moderate to Low,5.5,7,High,Moderate,High,Moderate,Moderate,Weakened Inhibition
Lavender,Linalool,Maize,25-30°C ,Moderate to Low,5.5,7,High,Moderate,High,Moderate,Moderate,Weakened Exhibition
Leek,Allyl sulfides ,Common Groundsel,25-30°C ,Moderate to Low,5.5,7,High,Moderate,High,Moderate,Moderate,Weakened Inhibition
Leek,Allyl sulfides ,Chickweed,25-30°C ,Moderate to Low,5.5,7,High,Moderate,High,Moderate,Moderate,Weakened Inhibition
Lemongrass, Geraniol ,Green Foxtail,25-30°C ,Moderate to Low,5.5,7,High,Moderate,High,Moderate,Moderate,Weakened Exhibition
Lemongrass, Geraniol ,Crabgrass,25-30°C ,Moderate to Low,5.5,7,High,Moderate,High,Moderate,Moderate,Weakened Exhibition
Lemongrass,Citral,Green Foxtail,25-30°C ,Moderate to Low,5.5,7,High,Moderate,High,Moderate,Moderate,Weakened Inhibition
Lemongrass,Citral,Crabgrass,25-30°C ,Moderate to Low,5.5,7,High,Moderate,High,Moderate,Moderate,Weakened Inhibition
Lemongrass, Geraniol,Aquatic Plants,25-30°C ,Moderate to Low,5.5,7,High,Moderate,High,Moderate,Moderate,Weakened Exhibition
Lemongrass,Citral,Arabidopsis Thaliana,25-30°C ,Moderate to Low,5.5,7,High,Moderate,High,Moderate,High,Strong Exhibition
Lemongrass,Citral,Aquatic Plants,25-30°C ,Moderate to Low,5.5,7,High,Moderate,High,Moderate,Moderate,Weakened Exhibition
Long pepper ,Sarmentine,Field Bindweed,25-30°C ,Moderate to Low,5.5,7,High,Moderate,High,Moderate,High,Strong Inhibition
Long pepper ,Sarmentine,Wild Mustard,25-30°C ,Moderate to Low,5.5,7,High,Moderate,High,Moderate,Resistant,No Effect
Long pepper ,Sarmentine,Horseweed,25-30°C ,Moderate to Low,5.5,7,High,Moderate,High,Moderate,Moderate,Weakened Inhibition
Long pepper ,Sarmentine,Sprangletop,25-30°C ,Moderate to Low,5.5,7,High,Moderate,High,Moderate,High,Strong Inhibition
Maize , BOA ,Canary Grass,25-30°C ,Moderate to Low,5.5,7,High,Moderate,High,Moderate,Moderate,Weakened Exhibition
Maize , BOA,Smooth Pigweed,25-30°C ,Moderate to Low,5.5,7,High,Moderate,High,Moderate,Moderate,Weakened Exhibition
Maize , BOA,Lamb'S Quarters,25-30°C ,Moderate to Low,5.5,7,High,Moderate,High,Moderate,Moderate,Weakened Exhibition
Maize ,Benzoxazinoid hydroxamic acids,Green Foxtail,25-30°C ,Moderate to Low,5.5,7,High,Moderate,High,Moderate,Moderate ,Weakened Inhibition
Maize ,DIMBOA,Oat,25-30°C ,Moderate to Low,5.5,7,High,Moderate,High,Moderate,High,Weakened Exhibition
Maize ,DIMBOA,Tobacco,25-30°C ,Moderate to Low,5.5,7,High,Moderate,High,Moderate,Moderate ,Weakened Exhibition
Maize ,DIMBOA,Carrot,25-30°C ,Moderate to Low,5.5,7,High,Moderate,High,Moderate,High,Weakened Exhibition
Maize ,DIMBOA,Onion,25-30°C ,Moderate to Low,5.5,7,High,Moderate,High,Moderate,Moderate ,Weakened Exhibition
Maize ,DIMBOA,Canary Grass,25-30°C ,Moderate to Low,5.5,7,High,Moderate,High,Moderate,Moderate,Weakened Exhibition
Maize ,DIMBOA,Smooth Pigweed,25-30°C ,Moderate to Low,5.5,7,High,Moderate,High,Moderate,Moderate,Weakened Exhibition
Maize ,DIMBOA,Lamb'S Quarters,25-30°C ,Moderate to Low,5.5,7,High,Moderate,High,Moderate,Moderate,Weakened Exhibition
Marigold ,Thiophene derivatives,Nematodes,25-30°C ,Moderate to Low,5.5,7,High,Moderate,High,Moderate,High,Strong Inhibition
Marigold ,Thiophene derivatives,Weeds,25-30°C ,Moderate to Low,5.5,7,High,Moderate,High,Moderate,Moderate,Weakened Inhibition
Mexican Bush Sage, Terpenoids,Kikuyu Grass,25-30°C ,Moderate to Low,5.5,7,High,Moderate,High,Moderate,Moderate,Weakened Exhibition
Mexican Bush Sage, Terpenoids,Crabgrass,25-30°C ,Moderate to Low,5.5,7,High,Moderate,High,Moderate,Moderate,Weakened Exhibition
Mexican Bush Sage,Essential oils,Kikuyu Grass,25-30°C ,Moderate to Low,5.5,7,High,Moderate,High,Moderate,Moderate,Weakened Exhibition
Mexican Bush Sage,Essential oils,Crabgrass,25-30°C ,Moderate to Low,5.5,7,High,Moderate,High,Moderate,Moderate,Weakened Exhibition
Mexican Sunflower,Sesquiterpene lactones,Redroot Pigweed,25-30°C ,Moderate to Low,5.5,7,High,Moderate,High,Moderate,Moderate,Weakened Inhibition
Mexican Sunflower,Sesquiterpene lactones,Barnyardgrass,25-30°C ,Moderate to Low,5.5,7,High,Moderate,High,Moderate,Moderate,Weakened Inhibition
morning glory ,Tricolorin A,Annual Ryegrass,25-30°C ,Moderate to Low,5.5,7,High,Moderate,High,Moderate,Resistant,No Effect
morning glory ,Tricolorin A,Common Wheat,25-30°C ,Moderate to Low,5.5,7,High,Moderate,High,Moderate,High,Strong Inhibition
morning glory ,Tricolorin A,Tomatillo,25-30°C ,Moderate to Low,5.5,7,High,Moderate,High,Moderate,Moderate,Weakened Inhibition
morning glory ,Tricolorin A,Egyptian Clover,25-30°C ,Moderate to Low,5.5,7,High,Moderate,High,Moderate,Resistant,No Effect
Moso Bamboo , Lignin derivatives,Competing Bamboo Species,25-30°C ,Moderate to Low,5.5,7,High,Moderate,High,Moderate,Moderate,Strong Inhibition
Moso Bamboo ,Catechins,Competing Bamboo Species,25-30°C ,Moderate to Low,5.5,7,High,Moderate,High,Moderate,Moderate,Weakened Inhibition
Mugwort, scopoletin,Rapeseed,25-30°C ,Moderate to Low,5.5,7,High,Moderate,High,Moderate,Moderate,Weakened Inhibition
Mugwort,Artemisinin,Rapeseed,25-30°C ,Moderate to Low,5.5,7,High,Moderate,High,Moderate,Moderate,Weakened Inhibition
Myrtle,"Myrtucommulone A,B",Kentucky Bluegrass,25-30°C ,Moderate to Low,5.5,7,High,Moderate,High,Moderate,Moderate,Weakened Inhibition
Myrtle,"Myrtucommulone A,B",Barnyardgrass,25-30°C ,Moderate to Low,5.5,7,High,Moderate,High,Moderate,Moderate,Weakened Inhibition
Neem, Nimbin,Redroot Pigweed,25-30°C ,Moderate to Low,5.5,7,High,Moderate,High,Moderate,Moderate,Weakened Exhibition
Neem, Nimbin,Barnyardgrass,25-30°C ,Moderate to Low,5.5,7,High,Moderate,High,Moderate,Moderate,Weakened Exhibition
Neem, Salannin ,Redroot Pigweed,25-30°C ,Moderate to Low,5.5,7,High,Moderate,High,Moderate,Moderate,Weakened Exhibition
Neem, Salannin,Barnyardgrass,25-30°C ,Moderate to Low,5.5,7,High,Moderate,High,Moderate,Moderate,Weakened Exhibition
Neem,Azadirachtin,Redroot Pigweed,25-30°C ,Moderate to Low,5.5,7,High,Moderate,High,Moderate,Moderate,Weakened Inhibition
Neem,Azadirachtin,Barnyardgrass,25-30°C ,Moderate to Low,5.5,7,High,Moderate,High,Moderate,Moderate,Weakened Inhibition
Neem, Nimbic acid B,Garden Cress,25-30°C ,Moderate to Low,5.5,7,High,Moderate,High,Moderate,High,Strong Inhibition
Neem, Nimbic acid B,Lettuce,25-30°C ,Moderate to Low,5.5,7,High,Moderate,High,Moderate,Moderate,Weakened Inhibition
Neem, Nimbic acid B,Alfalfa,25-30°C ,Moderate to Low,5.5,7,High,Moderate,High,Moderate,Resistant,No Effect
Neem , Nimbin,Various Pests,25-30°C ,Moderate to Low,5.5,7,High,Moderate,High,Moderate,Moderate,Weakened Inhibition
Neem, Nimbin,Weeds,25-30°C ,Moderate to Low,5.5,7,High,Moderate,High,Moderate,Moderate,Weakened Exhibition
Neem,Azadirachtin,Various Pests,25-30°C ,Moderate to Low,5.5,7,High,Moderate,High,Moderate,Moderate,Strong Inhibition
Neem,Azadirachtin,Weeds,25-30°C ,Moderate to Low,5.5,7,High,Moderate,High,Moderate,Moderate,Weakened Inhibition
Neem,Nimbolide B,Garden Cress,25-30°C ,Moderate to Low,5.5,7,High,Moderate,High,Moderate,High,Strong Inhibition
Neem,Nimbolide B,Lettuce,25-30°C ,Moderate to Low,5.5,7,High,Moderate,High,Moderate,Moderate,Weakened Inhibition
Neem,Nimbolide B,Alfalfa,25-30°C ,Moderate to Low,5.5,7,High,Moderate,High,Moderate,Resistant,No Effect
Northern White Cedar,Thujone,Annual Bluegrass,25-30°C ,Moderate to Low,5.5,7,High,Moderate,High,Moderate,Moderate,Weakened Inhibition
Northern White Cedar,Thujone,Green Foxtail,25-30°C ,Moderate to Low,5.5,7,High,Moderate,High,Moderate,Moderate,Weakened Inhibition
Oat,Avenacins,Cheatgrass,25-30°C ,Moderate to Low,5.5,7,High,Moderate,High,Moderate,High,Strong Inhibition
Oat,Avenacins,Annual Bluegrass,25-30°C ,Moderate to Low,5.5,7,High,Moderate,High,Moderate,Moderate,Weakened Inhibition
Onion,Diallyl disulfide,Green Foxtail,25-30°C ,Moderate to Low,5.5,7,High,Moderate,High,Moderate,Resistant,No Effect
Onion,Diallyl disulfide,Lamb'S Quarters,25-30°C ,Moderate to Low,5.5,7,High,Moderate,High,Moderate,High,Strong Inhibition
Papaya,Benzyl isothiocyanate (Isothiocyanates),Green Foxtail,25-30°C ,Moderate to Low,5.5,7,High,Moderate,High,Moderate,Resistant,No Effect
Papaya,Benzyl isothiocyanate (Isothiocyanates),Crabgrass,25-30°C ,Moderate to Low,5.5,7,High,Moderate,High,Moderate,Moderate,Weakened Inhibition
Pea,Pisatin,Green Foxtail,25-30°C ,Moderate to Low,5.5,7,High,Moderate,High,Moderate,Resistant,No Effect
Pea,Pisatin,Redroot Pigweed,25-30°C ,Moderate to Low,5.5,7,High,Moderate,High,Moderate,Moderate,Weakened Exhibition
Pepper, Dicarboxylic acids,Redroot Pigweed,25-30°C ,Moderate to Low,5.5,7,High,Moderate,High,Moderate,Moderate,Weakened Exhibition
Pepper, Dicarboxylic acids,Purple Nutsedge,25-30°C ,Moderate to Low,5.5,7,High,Moderate,High,Moderate,Moderate,Weakened Exhibition
Pepper,p-Coumaric acid,Redroot Pigweed,25-30°C ,Moderate to Low,5.5,7,High,Moderate,High,Moderate,Moderate,Weakened Exhibition
Pepper,p-Coumaric acid,Purple Nutsedge,25-30°C ,Moderate to Low,5.5,7,High,Moderate,High,Moderate,Moderate,Weakened Exhibition
Pepper,Phthalate esters ,Redroot Pigweed,25-30°C ,Moderate to Low,5.5,7,High,Moderate,High,Moderate,Moderate,Weakened Inhibition
Pepper,Phthalate esters ,Purple Nutsedge,25-30°C ,Moderate to Low,5.5,7,High,Moderate,High,Moderate,Moderate,Weakened Inhibition
Pigeon Pea,Phenolic acids,Purple Nutsedge,25-30°C ,Moderate to Low,5.5,7,High,Moderate,High,Moderate,Moderate,Weakened Exhibition
Pigeon Pea,Phenolic acids,Crabgrass,25-30°C ,Moderate to Low,5.5,7,High,Moderate,High,Moderate,Moderate,Weakened Exhibition
Ragweed , Ambrosin,Wheat,25-30°C ,Moderate to Low,5.5,7,High,Moderate,High,Moderate,Moderate,Weakened Inhibition
Ragweed , Ambrosin,Tomato,25-30°C ,Moderate to Low,5.5,7,High,Moderate,High,Moderate,Moderate,Weakened Inhibition
Ragweed , Ambrosin,Maize,25-30°C ,Moderate to Low,5.5,7,High,Moderate,High,Moderate,Moderate,Weakened Inhibition
Ragweed , Ambrosin,Crabgrass,25-30°C ,Moderate to Low,5.5,7,High,Moderate,High,Moderate,High,Strong Inhibition
Ragweed , Coronopilin,Wheat,25-30°C ,Moderate to Low,5.5,7,High,Moderate,High,Moderate,Moderate,Weakened Inhibition
Ragweed , Coronopilin,Tomato,25-30°C ,Moderate to Low,5.5,7,High,Moderate,High,Moderate,Moderate,Weakened Inhibition
Ragweed , Coronopilin,Maize,25-30°C ,Moderate to Low,5.5,7,High,Moderate,High,Moderate,Moderate,Weakened Inhibition
Ragweed , Coronopilin,Crabgrass,25-30°C ,Moderate to Low,5.5,7,High,Moderate,High,Moderate,High,Strong Inhibition
Ragweed ,Parthenin,Wheat,25-30°C ,Moderate to Low,5.5,7,High,Moderate,High,Moderate,High,Strong Inhibition
Ragweed ,Parthenin,Tomato,25-30°C ,Moderate to Low,5.5,7,High,Moderate,High,Moderate,High,Strong Inhibition
Ragweed ,Parthenin,Maize,25-30°C ,Moderate to Low,5.5,7,High,Moderate,High,Moderate,High,Strong Inhibition
Ragweed ,Parthenin,Crabgrass,25-30°C ,Moderate to Low,5.5,7,High,Moderate,High,Moderate,High,Strong Inhibition
Ragweed parthenium,Parthenin,Green Amaranth,25-30°C ,Moderate to Low,5.5,7,High,Moderate,High,Moderate,High,Strong Inhibition
Ragweed parthenium ,Parthenin,Coffee Senna,25-30°C ,Moderate to Low,5.5,7,High,Moderate,High,Moderate,High,Strong Inhibition
Ragweed parthenium,Parthenin,Barnyard Grass,25-30°C ,Moderate to Low,5.5,7,High,Moderate,High,Moderate,Moderate,Weakened Inhibition
Ragweed parthenium,Parthenin,Small-Seeded Canary Grass,25-30°C ,Moderate to Low,5.5,7,High,Moderate,High,Moderate,Moderate,Weakened Inhibition
Rice,Ferulic acid,Barnyardgrass,25-30°C ,Moderate to Low,5.5,7,High,Moderate,High,Moderate,Moderate,Weakened Exhibition
Rice,Ferulic acid,Smallflower Umbrella Sedge,25-30°C ,Moderate to Low,5.5,7,High,Moderate,High,Moderate,Moderate,Weakened Exhibition
Rice,Caffeic acid,Barnyardgrass,25-30°C ,Moderate to Low,5.5,7,High,Moderate,High,Moderate,Moderate,Weakened Exhibition
Rice,Caffeic acid,Smallflower Umbrella Sedge,25-30°C ,Moderate to Low,5.5,7,High,Moderate,High,Moderate,Moderate,Weakened Exhibition
Rice,p-Coumaric acid,Barnyardgrass,25-30°C ,Moderate to Low,5.5,7,High,Moderate,High,Moderate,Moderate,Weakened Exhibition
Rice,p-Coumaric acid,Smallflower Umbrella Sedge,25-30°C ,Moderate to Low,5.5,7,High,Moderate,High,Moderate,Moderate,Weakened Exhibition
Rice,"Momilactone A, B (Diterpenoids)",Barnyardgrass,25-30°C ,Moderate to Low,5.5,7,High,Moderate,High,Moderate,Moderate,Weakened Inhibition
Rice,"Momilactone A, B (Diterpenoids)",Smallflower Umbrella Sedge,25-30°C ,Moderate to Low,5.5,7,High,Moderate,High,Moderate,Moderate,Weakened Inhibition
Rice,"Momilactone A, B (Diterpenoids)",Barnyardgrass,25-30°C ,Moderate to Low,5.5,7,High,Moderate,High,Moderate,High,Strong Inhibition
Rice,"Momilactone A, B (Diterpenoids)",Chinese Sprangletop,25-30°C ,Moderate to Low,5.5,7,High,Moderate,High,Moderate,High,Strong Inhibition
Rice, Momilactone B,Jungle Rice,20-30°C,High,5.5,6.5,Low,High,High,Moderate,Resistant,No Effect
Rice, Momilactone B,Monarch Redstem,20-30°C,High,5.5,6.5,Low,High,High,Moderate,Moderate,Weakened Inhibition
Rice, Momilactone B,Gulf Leaf Flower,20-30°C,High,5.5,6.5,Low,High,High,Moderate,Moderate,Weakened Inhibition
Rice, Momilactone B,Flatsedge,20-30°C,High,5.5,6.5,Low,High,High,Moderate,Resistant,No Effect
Rice, p-Coumaric acid,Barnyardgrass,25-30°C ,Moderate to Low,5.5,7,High,Moderate,High,Moderate,Moderate,Weakened Exhibition
Rice, Vanillic acid,Barnyardgrass,25-30°C ,Moderate to Low,5.5,7,High,Moderate,High,Moderate,Resistant,No Effect
Rice,Ferulic acid,Barnyardgrass,25-30°C ,Moderate to Low,5.5,7,High,Moderate,High,Moderate,Moderate,Weakened Exhibition
Rice,Tricin ,Jungle Rice,20-30°C,High,5.5,6.5,Low,High,High,Moderate,Resistant,No Effect
Rice,Tricin ,Monarch Redstem,20-30°C,High,5.5,6.5,Low,High,High,Moderate,Resistant,No Effect
Rice,Tricin ,Gulf Leaf Flower,20-30°C,High,5.5,6.5,Low,High,High,Moderate,Resistant,No Effect
Rice,Tricin ,Flatsedge,20-30°C,High,5.5,6.5,Low,High,High,Moderate,Resistant,No Effect
River Red Gum, Limonene,Rigid Ryegrass,25-30°C ,Moderate to Low,5.5,7,High,Moderate,High,Moderate,Moderate,Weakened Inhibition
River Red Gum, Limonene,Barnyardgrass,25-30°C ,Moderate to Low,5.5,7,High,Moderate,High,Moderate,Moderate,Weakened Inhibition
River Red Gum,"1,8-Cineole",Rigid Ryegrass,25-30°C ,Moderate to Low,5.5,7,High,Moderate,High,Moderate,Moderate,Weakened Inhibition
River Red Gum,"1,8-Cineole",Barnyardgrass,25-30°C ,Moderate to Low,5.5,7,High,Moderate,High,Moderate,Moderate,Weakened Inhibition
Rosemary, Rosmarinic acid ,Cheatgrass,25-30°C ,Moderate to Low,5.5,7,High,Moderate,High,Moderate,Moderate,Weakened Exhibition
Rosemary, Rosmarinic acid,Green Foxtail,25-30°C ,Moderate to Low,5.5,7,High,Moderate,High,Moderate,Moderate,Weakened Exhibition
Rosemary,Carnosic acid,Cheatgrass,25-30°C ,Moderate to Low,5.5,7,High,Moderate,High,Moderate,Moderate,Weakened Inhibition
Rosemary,Carnosic acid,Green Foxtail,25-30°C ,Moderate to Low,5.5,7,High,Moderate,High,Moderate,Moderate,Weakened Inhibition
Rosemary, Rosmarinic acid,Lettuce,25-30°C ,Moderate to Low,5.5,7,High,Moderate,High,Moderate,Moderate,Weakened Exhibition
Rosemary, Rosmarinic acid,Purslane,25-30°C ,Moderate to Low,5.5,7,High,Moderate,High,Moderate,Moderate,Weakened Exhibition
Rosemary, Rosmarinic acid,Pathogens,25-30°C ,Moderate to Low,5.5,7,High,Moderate,High,Moderate,Moderate,Strong Inhibition
Rosemary, Rosmarinic acid,Competing Plants,25-30°C ,Moderate to Low,5.5,7,High,Moderate,High,Moderate,Moderate,Weakened Inhibition
Rosemary,Carnosic acid,Lettuce,25-30°C ,Moderate to Low,5.5,7,High,Moderate,High,Moderate,Moderate,Weakened Exhibition
Rosemary,Carnosic acid,Purslane,25-30°C ,Moderate to Low,5.5,7,High,Moderate,High,Moderate,Moderate,Weakened Exhibition
Rosemary,Carnosic acid,Pathogens,25-30°C ,Moderate to Low,5.5,7,High,Moderate,High,Moderate,Moderate,Strong Inhibition
Rosemary,Carnosic acid,Competing Plants,25-30°C ,Moderate to Low,5.5,7,High,Moderate,High,Moderate,Moderate,Weakened Inhibition
Rye, Alkaloids,Lamb'S Quarters,25-30°C ,Moderate to Low,5.5,7,High,Moderate,High,Moderate,Moderate,Weakened Inhibition
Rye, Alkaloids,Quackgrass,25-30°C ,Moderate to Low,5.5,7,High,Moderate,High,Moderate,Moderate,Weakened Inhibition
Rye,Hydroxamic acids,Lamb'S Quarters,25-30°C ,Moderate to Low,5.5,7,High,Moderate,High,Moderate,Moderate,Weakened Inhibition
Rye,Hydroxamic acids,Quackgrass,25-30°C ,Moderate to Low,5.5,7,High,Moderate,High,Moderate,Moderate,Weakened Inhibition
Rye,"Benzoxazinoids (DIBOA,BOA)",Lamb'S Quarters,25-30°C ,Moderate to Low,5.5,7,High,Moderate,High,Moderate,Moderate,Weakened Inhibition
Rye,"Benzoxazinoids (DIBOA,BOA)",Pigweed,25-30°C ,Moderate to Low,5.5,7,High,Moderate,High,Moderate,Moderate,Weakened Inhibition
Sage , Camphor,Broadleaf Weeds,25-30°C ,Moderate to Low,5.5,7,High,Moderate,High,Moderate,Moderate,Weakened Inhibition
Sage , Cineole,Purslane,25-30°C ,Moderate to Low,5.5,7,High,Moderate,High,Moderate,Moderate,Weakened Inhibition
Sage , Cineole,Lamb'S Quarters,25-30°C ,Moderate to Low,5.5,7,High,Moderate,High,Moderate,Moderate,Weakened Inhibition
Sage ,Camphor,Purslane,25-30°C ,Moderate to Low,5.5,7,High,Moderate,High,Moderate,Moderate,Weakened Inhibition
Sage ,Camphor,Lamb'S Quarters,25-30°C ,Moderate to Low,5.5,7,High,Moderate,High,Moderate,Moderate,Weakened Inhibition
Sage ,Thujone,Broadleaf Weeds,25-30°C ,Moderate to Low,5.5,7,High,Moderate,High,Moderate,Moderate,Weakened Inhibition
Sesame , Phenolic acids,Moso Bamboo,25-30°C ,Moderate to Low,5.5,7,High,Moderate,High,Moderate,Moderate,Weakened Exhibition
Sesame , Sesamol,Moso Bamboo,25-30°C ,Moderate to Low,5.5,7,High,Moderate,High,Moderate,Moderate,Weakened Exhibition
Sesame ,Sesamin,Moso Bamboo,25-30°C ,Moderate to Low,5.5,7,High,Moderate,High,Moderate,Moderate,Weakened Exhibition
Shagbark Hickory,Juglone,Maize,25-30°C ,Moderate to Low,5.5,7,High,Moderate,High,Moderate,High,Strong Inhibition
Shagbark Hickory,Juglone,Wheat,25-30°C ,Moderate to Low,5.5,7,High,Moderate,High,Moderate,High,Strong Inhibition
Shepherd's Purse, Flavonoids,Annual Bluegrass,25-30°C ,Moderate to Low,5.5,7,High,Moderate,High,Moderate,Moderate,Weakened Exhibition
Shepherd's Purse, Flavonoids,Dandelion,25-30°C ,Moderate to Low,5.5,7,High,Moderate,High,Moderate,Moderate,Weakened Exhibition
Shepherd's Purse,Glucosinolates,Dandelion,25-30°C ,Moderate to Low,5.5,7,High,Moderate,High,Moderate,Moderate,Weakened Inhibition
Silver Wattle, Tannins,Perennial Ryegrass,25-30°C ,Moderate to Low,5.5,7,High,Moderate,High,Moderate,Moderate,Weakened Exhibition
Silver Wattle, Tannins,Red Clover,25-30°C ,Moderate to Low,5.5,7,High,Moderate,High,Moderate,Moderate,Weakened Exhibition
Silver Wattle,"2,6-Dimethoxy-1",Tomato,25-30°C ,Moderate to Low,5.5,7,High,Moderate,High,Moderate,Moderate,Weakened Exhibition
Silver Wattle,4-benzoquinone,Tomato,25-30°C ,Moderate to Low,5.5,7,High,Moderate,High,Moderate,High,Strong Inhibition
Silver Wattle,Flavonoids,Perennial Ryegrass,25-30°C ,Moderate to Low,5.5,7,High,Moderate,High,Moderate,Moderate,Weakened Exhibition
Silver Wattle,Flavonoids,Red Clover,25-30°C ,Moderate to Low,5.5,7,High,Moderate,High,Moderate,Moderate,Weakened Exhibition
Sorghum,Sorgoleone ,Purple Nutsedge,25-30°C ,Moderate to Low,5.5,7,High,Moderate,High,Moderate,Moderate,Weakened Exhibition
Sorghum,Sorgoleone,Barnyardgrass,25-30°C ,Moderate to Low,5.5,7,High,Moderate,High,Moderate,Moderate,Weakened Exhibition
Sorghum,Sorgoleone,Crabgrass,25-30°C ,Moderate to Low,5.5,7,High,Moderate,High,Moderate,Moderate,Weakened Exhibition
Sorghum,Sorgoleone,False Cleavers,25-30°C ,Moderate to Low,5.5,7,High,Moderate,High,Moderate,Moderate,Weakened Exhibition
Sorghum,Sorgoleone,Japanese Dock,25-30°C ,Moderate to Low,5.5,7,High,Moderate,High,Moderate,Moderate,Weakened Exhibition
Sorghum,Sorgoleone,Indian Jointvetch,25-30°C ,Moderate to Low,5.5,7,High,Moderate,High,Moderate,Moderate,Weakened Exhibition
Sorghum,Sorgoleone,Common Amaranth,25-30°C ,Moderate to Low,5.5,7,High,Moderate,High,Moderate,High,Strong Inhibition
Sorghum,Sorgoleone,False Cleavers,25-30°C ,Moderate to Low,5.5,7,High,Moderate,High,Moderate,High,Weakened Exhibition
Sorghum,Sorgoleone,Indian Jointvetch,25-30°C ,Moderate to Low,5.5,7,High,Moderate,High,Moderate,High ,Weakened Exhibition
Sorghum,Sorgoleone,Chinese Plantain,25-30°C ,Moderate to Low,5.5,7,High,Moderate,High,Moderate,Moderate,Weakened Exhibition
Sorghum,Sorgoleone,Redroot Pigweed,25-30°C ,Moderate to Low,5.5,7,High,Moderate,High,Moderate,High ,Weakened Exhibition
Sorghum,Sorgoleone,False Daisy,25-30°C ,Moderate to Low,5.5,7,High,Moderate,High,Moderate,Moderate,Weakened Exhibition
Sorghum,Sorgoleone,Barnyard Grass,25-30°C ,Moderate to Low,5.5,7,High,Moderate,High,Moderate,High ,Weakened Exhibition
Sorghum,Sorgoleone,Hairy Crabgrass,25-30°C ,Moderate to Low,5.5,7,High,Moderate,High,Moderate,High,Weakened Exhibition
Sorghum,Sorgoleone,Velvetleaf,25-30°C ,Moderate to Low,5.5,7,High,Moderate,High,Moderate,Moderate,Weakened Exhibition
Sorghum,Sorgoleone,Barnyardgrass,25-30°C ,Moderate to Low,5.5,7,High,Moderate,High,Moderate,Moderate,Weakened Exhibition
Sorghum,Sorgoleone,Redroot Pigweed,25-30°C ,Moderate to Low,5.5,7,High,Moderate,High,Moderate,Resistant,No Effect
Sorghumbicolor ," Benzoxazinoids (DIBOA,DIMBOA,BOA)",Wild Oat,25-30°C ,Moderate to Low,5.5,7,High,Moderate,High,Moderate,Moderate,Weakened Inhibition
Sorghumbicolor ," Benzoxazinoids (DIBOA,DIMBOA,BOA)",Canary Grass,25-30°C ,Moderate to Low,5.5,7,High,Moderate,High,Moderate,Resistant,No Effect
Sorghumbicolor ," Benzoxazinoids (DIBOA,DIMBOA,BOA)",Wheat,25-30°C ,Moderate to Low,5.5,7,High,Moderate,High,Moderate,Resistant,No Effect
Sorghumbicolor , Cyanogenic glycosides (Dhurrin),Wild Oat,25-30°C ,Moderate to Low,5.5,7,High,Moderate,High,Moderate,High,Strong Exhibition
Sorghumbicolor , Cyanogenic glycosides (Dhurrin),Canary Grass,25-30°C ,Moderate to Low,5.5,7,High,Moderate,High,Moderate,Moderate,Weakened Exhibition
Sorghumbicolor , Cyanogenic glycosides (Dhurrin),Wheat,25-30°C ,Moderate to Low,5.5,7,High,Moderate,High,Moderate,Resistant,No Effect
Sorghumbicolor ,p-Hydroxybenzoic acid,Wild Oat,25-30°C ,Moderate to Low,5.5,7,High,Moderate,High,Moderate,Moderate,Weakened Exhibition
Sorghumbicolor ,p-Coumaric acid,Canary Grass,25-30°C ,Moderate to Low,5.5,7,High,Moderate,High,Moderate,Resistant,No Effect
Sorghumbicolor ,Ferulic acid,Wheat,25-30°C ,Moderate to Low,5.5,7,High,Moderate,High,Moderate,Resistant,No Effect
Sorghumbicolor ,p-Hydroxybenzoic acid,Wild Oat,25-30°C ,Moderate to Low,5.5,7,High,Moderate,High,Moderate,Moderate,Weakened Exhibition
Sorghumbicolor ,p-Coumaric acid,Canary Grass,25-30°C ,Moderate to Low,5.5,7,High,Moderate,High,Moderate,Resistant,No Effect
Sorghumbicolor ,Ferulic acid,Wheat,25-30°C ,Moderate to Low,5.5,7,High,Moderate,High,Moderate,Resistant,No Effect
Sorghumbicolor ,p-Hydroxybenzoic acid ,Wild Oat,25-30°C ,Moderate to Low,5.5,7,High,Moderate,High,Moderate,Moderate,Weakened Exhibition
Sorghumbicolor ,p-Coumaric acid,Canary Grass,25-30°C ,Moderate to Low,5.5,7,High,Moderate,High,Moderate,Resistant,No Effect
Sorghumbicolor ,Ferulic acid,Wheat,25-30°C ,Moderate to Low,5.5,7,High,Moderate,High,Moderate,Resistant,No Effect
Sorghumbicolor ,Sorgoleone,Wild Oat,25-30°C ,Moderate to Low,5.5,7,High,Moderate,High,Moderate,Moderate,Weakened Exhibition
Sorghumbicolor ,Sorgoleone,Canary Grass,25-30°C ,Moderate to Low,5.5,7,High,Moderate,High,Moderate,Moderate,Weakened Exhibition
Sorghumbicolor ,Sorgoleone,Wheat,25-30°C ,Moderate to Low,5.5,7,High,Moderate,High,Moderate,Resistant,No Effect
Spearmint, Pulegone ,Lamb'S Quarters,25-30°C ,Moderate to Low,5.5,7,High,Moderate,High,Moderate,Moderate,Weakened Exhibition
Spearmint, Pulegone ,Annual Bluegrass,25-30°C ,Moderate to Low,5.5,7,High,Moderate,High,Moderate,Resistant,No Effect
Spearmint,Menthol,Lamb'S Quarters,25-30°C ,Moderate to Low,5.5,7,High,Moderate,High,Moderate,Resistant,No Effect
Spearmint,Menthol,Annual Bluegrass,25-30°C ,Moderate to Low,5.5,7,High,Moderate,High,Moderate,Resistant,No Effect
Spearmint, Pulegone,Broadleaf Weeds,25-30°C ,Moderate to Low,5.5,7,High,Moderate,High,Moderate,Moderate,Weakened Inhibition
Spearmint,Menthol,Broadleaf Weeds,25-30°C ,Moderate to Low,5.5,7,High,Moderate,High,Moderate,Moderate,Strong Inhibition
Step moss ,Vanillic acid,Lettuce,25-30°C ,Moderate to Low,5.5,7,High,Moderate,High,Moderate,Resistant,No Effect
Sunflower, Phenolic acids,Parthenium Weed,25-30°C ,Moderate to Low,5.5,7,High,Moderate,High,Moderate,Moderate,Weakened Exhibition
Sunflower, Phenolic acids,Horse Purslane,25-30°C ,Moderate to Low,5.5,7,High,Moderate,High,Moderate,Moderate,Weakened Exhibition
Sunflower,Helianthins,Parthenium Weed,25-30°C ,Moderate to Low,5.5,7,High,Moderate,High,Moderate,High,Strong Inhibition
Sunflower,Helianthins,Horse Purslane,25-30°C ,Moderate to Low,5.5,7,High,Moderate,High,Moderate,High,Strong Inhibition
Sunflower, Flavonoids (Luteolin),Green Foxtail,25-30°C ,Moderate to Low,5.5,7,High,Moderate,High,Moderate,Moderate,Weakened Exhibition
Sunflower, Flavonoids (Luteolin),Smooth Pigweed,25-30°C ,Moderate to Low,5.5,7,High,Moderate,High,Moderate,Moderate,Weakened Exhibition
Sunflower,Sesquiterpene lactones ,Green Foxtail,25-30°C ,Moderate to Low,5.5,7,High,Moderate,High,Moderate,High,Strong Inhibition
Sunflower,Sesquiterpene lactones ,Smooth Pigweed,25-30°C ,Moderate to Low,5.5,7,High,Moderate,High,Moderate,High,Strong Inhibition
Sunflower,Heliannuols,Hairy Crabgrass,25-30°C ,Moderate to Low,5.5,7,High,Moderate,High,Moderate,Moderate,Weakened Inhibition
Sunflower,Heliannuols,Prickly Sida,25-30°C ,Moderate to Low,5.5,7,High,Moderate,High,Moderate,High,Strong Inhibition
Sunflower,Heliannuols,Common Tumbleweed,25-30°C ,Moderate to Low,5.5,7,High,Moderate,High,Moderate,Moderate,Weakened Inhibition
Sunn Hemp,Pyrrolizidine alkaloids,Purple Nutsedge,25-30°C ,Moderate to Low,5.5,7,High,Moderate,High,Moderate,Resistant,No Effect
Sunn Hemp,Pyrrolizidine alkaloids,Spiny Pigweed,25-30°C ,Moderate to Low,5.5,7,High,Moderate,High,Moderate,Moderate,Weakened Inhibition
Sweet Orange, Citral,Redroot Pigweed,25-30°C ,Moderate to Low,5.5,7,High,Moderate,High,Moderate,Moderate,Weakened Exhibition
Sweet Orange, Citral,Lamb'S Quarters,25-30°C ,Moderate to Low,5.5,7,High,Moderate,High,Moderate,Moderate,Weakened Exhibition
Sweet Orange,Limonene,Redroot Pigweed,25-30°C ,Moderate to Low,5.5,7,High,Moderate,High,Moderate,Moderate,Weakened Exhibition
Sweet Orange,Limonene,Lamb'S Quarters,25-30°C ,Moderate to Low,5.5,7,High,Moderate,High,Moderate,Moderate,Weakened Exhibition
Sweet Wormwood,Artemisinin,Smooth Pigweed,25-30°C ,Moderate to Low,5.5,7,High,Moderate,High,Moderate,Moderate,Weakened Inhibition
Sweet Wormwood,Artemisinin,Lamb'S Quarters,25-30°C ,Moderate to Low,5.5,7,High,Moderate,High,Moderate,Moderate,Weakened Inhibition
Tall Fescue, p-Coumaric acid ,Annual Bluegrass,25-30°C ,Moderate to Low,5.5,7,High,Moderate,High,Moderate,Moderate,Weakened Exhibition
Tall Fescue, p-Coumaric acid,Yellow Nutsedge,25-30°C ,Moderate to Low,5.5,7,High,Moderate,High,Moderate,Moderate,Weakened Exhibition
Tall Fescue,Ferulic acid,Annual Bluegrass,25-30°C ,Moderate to Low,5.5,7,High,Moderate,High,Moderate,Moderate,Weakened Exhibition
Tall Fescue,Ferulic acid,Yellow Nutsedge,25-30°C ,Moderate to Low,5.5,7,High,Moderate,High,Moderate,Moderate,Weakened Exhibition
Tamarind, Tartaric acid ,Barnyardgrass,25-30°C ,Moderate to Low,5.5,7,High,Moderate,High,Moderate,Resistant,No Effect
Tamarind, Tartaric acid ,Smooth Pigweed,25-30°C ,Moderate to Low,5.5,7,High,Moderate,High,Moderate,Moderate,Weakened Exhibition
Tamarind,Tamarindin,Barnyardgrass,25-30°C ,Moderate to Low,5.5,7,High,Moderate,High,Moderate,Moderate,Weakened Inhibition
Tamarind,Tamarindin,Smooth Pigweed,25-30°C ,Moderate to Low,5.5,7,High,Moderate,High,Moderate,Moderate,Weakened Inhibition
Tobacco,Nicotine (Alkaloids),Green Foxtail,25-30°C ,Moderate to Low,5.5,7,High,Moderate,High,Moderate,High,Strong Inhibition
Tobacco,Nicotine (Alkaloids),Smooth Pigweed,25-30°C ,Moderate to Low,5.5,7,High,Moderate,High,Moderate,High,Strong Inhibition
Tree moss , Phenolic acids,Radish,25-30°C ,Moderate to Low,5.5,7,High,Moderate,High,Moderate,Moderate,Weakened Exhibition
Tree moss ,Limonene,Radish,25-30°C ,Moderate to Low,5.5,7,High,Moderate,High,Moderate,Moderate,Weakened Exhibition
Turmeric,Curcumin (Phenylpropanoids),Annual Bluegrass,25-30°C ,Moderate to Low,5.5,7,High,Moderate,High,Moderate,Moderate,Weakened Exhibition
Turmeric,Curcumin (Phenylpropanoids),Redroot Pigweed,25-30°C ,Moderate to Low,5.5,7,High,Moderate,High,Moderate,Moderate,Weakened Exhibition
Velvet Bean,L-DOPA (Amino acids),Guinea Grass,25-30°C ,Moderate to Low,5.5,7,High,Moderate,High,Moderate,Moderate,Weakened Exhibition
Velvet Bean,L-DOPA (Amino acids),Southern Crabgrass,25-30°C ,Moderate to Low,5.5,7,High,Moderate,High,Moderate,Moderate,Weakened Exhibition
Wheat,Ferulic acid,Lambsquarters,25-30°C ,Moderate to Low,5.5,7,High,Moderate,High,Moderate,Moderate,Weakened Exhibition
Wheat,Ferulic acid,Green Foxtail,25-30°C ,Moderate to Low,5.5,7,High,Moderate,High,Moderate,Moderate,Weakened Exhibition
Wheat,p-Coumaric acid,Lambsquarters,25-30°C ,Moderate to Low,5.5,7,High,Moderate,High,Moderate,Moderate,Weakened Exhibition
Wheat,p-Coumaric acid,Green Foxtail,25-30°C ,Moderate to Low,5.5,7,High,Moderate,High,Moderate,Moderate,Weakened Exhibition
Wheat,Vanillic acid,Lambsquarters,25-30°C ,Moderate to Low,5.5,7,High,Moderate,High,Moderate,Moderate,Weakened Exhibition
Wheat,Vanillic acid,Green Foxtail,25-30°C ,Moderate to Low,5.5,7,High,Moderate,High,Moderate,Moderate,Weakened Exhibition
Wheat,Syringic acid,Lambsquarters,25-30°C ,Moderate to Low,5.5,7,High,Moderate,High,Moderate,Moderate,Weakened Exhibition
Wheat,Syringic acid,Green Foxtail,25-30°C ,Moderate to Low,5.5,7,High,Moderate,High,Moderate,Moderate,Weakened Exhibition
Wheat,"Benzoxazinoids (DIMBOA,BOA)",Lambsquarters,25-30°C ,Moderate to Low,5.5,7,High,Moderate,High,Moderate,Moderate,Weakened Inhibition
Wheat,"Benzoxazinoids (DIMBOA,BOA)",Green Foxtail,25-30°C ,Moderate to Low,5.5,7,High,Moderate,High,Moderate,Moderate,Weakened Inhibition
Wheat,DIMBOA,Wild Oat,25-30°C ,Moderate to Low,5.5,7,High,Moderate,High,Moderate,Moderate,Weakened Exhibition
Wheat,DIMBOA,Canary Grass,25-30°C ,Moderate to Low,5.5,7,High,Moderate,High,Moderate,Moderate,Weakened Exhibition
Wheat,DIMBOA,Lamb'S Quarters,25-30°C ,Moderate to Low,5.5,7,High,Moderate,High,Moderate,Moderate,Weakened Exhibition
Wheat, Ferulic acid,Annual Ryegrass,25-30°C ,Moderate to Low,5.5,7,High,Moderate,High,Moderate,Moderate,Weakened Exhibition
Wheat,BOA,Tobacco,25-30°C ,Moderate to Low,5.5,7,High,Moderate,High,Moderate,High,Weakened Exhibition
Wheat,BOA,Maize,25-30°C ,Moderate to Low,5.5,7,High,Moderate,High,Moderate,Moderate,Weakened Exhibition
Wheat,p-Hydroxybenzoic acid,Annual Ryegrass,25-30°C ,Moderate to Low,5.5,7,High,Moderate,High,Moderate,High,Strong Inhibition
White Clover,Isoflavonoids,Kentucky Bluegrass,25-30°C ,Moderate to Low,5.5,7,High,Moderate,High,Moderate,Moderate,Weakened Exhibition
White Clover,Isoflavonoids,Chickweed,25-30°C ,Moderate to Low,5.5,7,High,Moderate,High,Moderate,Moderate,Weakened Exhibition
White Clover,Isoflavonoids (Genistein),Broadleaf Weeds,25-30°C ,Moderate to Low,5.5,7,High,Moderate,High,Moderate,Moderate,Weakened Exhibition
White Clover,Isoflavonoids (Genistein),Grasses,25-30°C ,Moderate to Low,5.5,7,High,Moderate,High,Moderate,Moderate,Weakened Exhibition
White Lupin,Glucosinolates,Annual Bluegrass,25-30°C ,Moderate to Low,5.5,7,High,Moderate,High,Moderate,Moderate,Weakened Inhibition
White Lupin,Quinolizidine alkaloids,Redroot Pigweed,25-30°C ,Moderate to Low,5.5,7,High,Moderate,High,Moderate,Moderate,Weakened Inhibition
Woolly moss ,Sabinene,Radish,25-30°C ,Moderate to Low,5.5,7,High,Moderate,High,Moderate,Moderate,Weakened Exhibition
